Workbook

Sheet Instructions
B3: HEXIS
B5: AI System Inventory
B6: EU AI Act Compliance Starter Kit
B8: PURPOSE
B9: This workbook helps your organisation maintain a comprehensive register of all AI systems in use, in development, or under evaluation. A complete inventory is the foundation of EU AI Act compliance — you cannot classify risk, assign obligations, or track progress without knowing what AI systems you operate.
B11: HOW TO USE
B12: 1. The Inventory sheet contains 3 example rows (grey/italic). Review them to understand the expected data, then delete them before entering your own systems.
B13: 2. Fill in one row per AI system. Use the dropdown menus for standardised fields (Risk Level, Status, Data Types).
B14: 3. The Dashboard sheet automatically calculates summary statistics from your inventory.
B15: 4. For HIGH-RISK or GPAI systems requiring EU database registration (Art. 49), complete the EU Database Registration sheet with Annex VIII details.
B16: 5. Review your dashboard quarterly — or whenever a new AI system is deployed.
B17: 6. Use this inventory as input for the Risk Classification Worksheet and EU AI Act Compliance Assessment (included in this kit).
... B42: hexis.center · EU AI Act Compliance Starter Kit · v1.0

Sheet Inventory
A1: System ID | B1: System Name | C1: Provider / Vendor | D1: Description | E1: Intended Purpose | F1: Department / Business Unit | G1: Responsible Person | H1: AI Act Role | I1: Deployment Status | J1: EU Market | K1: Risk Level | L1: Personal Data | M1: Data Types | N1: Date Registered | O1: Last Review Date | P1: Next Review Date | Q1: Notes
A2: AI-001 | B2: e.g. Customer Chatbot | C2: e.g. OpenAI / Internal | D2: Brief description of the system | E2: Be specific — risk classification depends on this (Art. 6) | F2: e.g. Customer Service | G2: e.g. Jane Smith, Head of CS | H2: Select role | I2: Select status | J2: Yes/No | K2: Select level | L2: Yes/No/Unknown | M2: Select primary type | N2: DD/MM/YYYY | O2: DD/MM/YYYY | P2: DD/MM/YYYY | Q2: Additional notes
A3: AI-001 | B3: HR Candidate Screening Tool | C3: TalentAI Solutions | D3: Automated CV parsing and candidate ranking for open positions | E3: Screening and ranking job applicants based on CV analysis to shortlist candidates for interview | F3: Human Resources | G3: Elif Kaya, HR Director | H3: Deployer | I3: Production | J3: Yes | K3: High | L3: Yes | M3: Employment, Biometric | N3: 15/01/2026 | O3: 15/01/2026 | P3: 15/04/2026 | Q3: EXAMPLE — Delete before use. High-risk per Annex III §4(a). Also processes Biometric data (photo analysis). Note: FRIA (Art. 27) is mandatory only for public bodies, private public-service providers, and credit scoring/insurance deployers — this private HR system does NOT require FRIA.
A4: AI-002 | B4: Customer Service Chatbot | C4: Internal Development | D4: GPT-based chatbot answering customer queries on website | E4: Providing automated responses to customer support questions about product features and order status | F4: Customer Experience | G4: Mehmet Demir, CX Lead | H4: Deployer | I4: Production | J4: Yes | K4: Limited | L4: Yes | M4: Behavioural | N4: 03/02/2026 | O4: 03/02/2026 | P4: 03/08/2026 | Q4: EXAMPLE — Delete before use. Art. 50 transparency: users must be informed they interact with AI. GPAI model used (GPT-4) — check provider obligations.
A5: AI-003 | B5: Transaction Fraud Detection | C5: FinSecure Ltd. | D5: Real-time ML model flagging suspicious payment transactions | E5: Evaluating creditworthiness and detecting fraudulent transactions for payment processing | F5: Risk & Compliance | G5: Ayşe Yılmaz, Chief Risk Officer | H5: Provider | I5: Testing | J5: Yes | K5: High | L5: Yes | M5: Financial | N5: 10/03/2026 | O5: 10/03/2026 | P5: 10/06/2026 | Q5: EXAMPLE — Delete before use. High-risk per Annex III §5(b) due to creditworthiness evaluation. Note: pure fraud detection is EXEMPT from §5(b). Provider obligations apply (Art. 16). Pre-production — must complete conformity assessment before deployment.
A6: AI-004
A7: AI-005
A8: AI-006
A9: AI-007
A10: AI-008
A11: AI-009
A12: AI-010
A13: AI-011
A14: AI-012
A15: AI-013
A16: AI-014
A17: AI-015
... A52: AI-050

Sheet Dashboard
B2: HEXIS
B3: AI System Inventory Dashboard
B4: Auto-calculated from the Inventory sheet
B6: KEY METRICS | F6: INVENTORY READINESS
B7: Total Systems Registered | C7: =COUNTA(Inventory!B3:B52) | G7: =IF(C7>0,(C7-C10)/C7,0)
B8: Systems in Production | C8: =COUNTIF(Inventory!I3:I52,"Production") | F8: Systems classified / Total registered
B9: High-Risk Systems | C9: =COUNTIF(Inventory!K3:K52,"High")
B10: Not Yet Classified | C10: =COUNTIF(Inventory!K3:K52,"Not Yet Classified")
B11: Processing Personal Data | C11: =COUNTIF(Inventory!L3:L52,"Yes")
B12: Serving EU Market | C12: =COUNTIF(Inventory!J3:J52,"Yes")
B14: RISK LEVEL DISTRIBUTION | F14: DEPLOYMENT STATUS
B15: Prohibited | C15: =COUNTIF(Inventory!K3:K52,"Prohibited") | D15: =IF(C7>0,C15/C7,0) | F15: Planning | G15: =COUNTIF(Inventory!I3:I52,"Planning")
B16: High | C16: =COUNTIF(Inventory!K3:K52,"High") | D16: =IF(C7>0,C16/C7,0) | F16: Development | G16: =COUNTIF(Inventory!I3:I52,"Development")
B17: Limited | C17: =COUNTIF(Inventory!K3:K52,"Limited") | D17: =IF(C7>0,C17/C7,0) | F17: Testing | G17: =COUNTIF(Inventory!I3:I52,"Testing")
B18: GPAI | C18: =COUNTIF(Inventory!K3:K52,"GPAI") | D18: =IF(C7>0,C18/C7,0) | F18: Production | G18: =COUNTIF(Inventory!I3:I52,"Production")
B19: Minimal | C19: =COUNTIF(Inventory!K3:K52,"Minimal") | D19: =IF(C7>0,C19/C7,0) | F19: Retired | G19: =COUNTIF(Inventory!I3:I52,"Retired")
B20: Not Yet Classified | C20: =COUNTIF(Inventory!K3:K52,"Not Yet Classified") | D20: =IF(C7>0,C20/C7,0)
B23: AI ACT ROLE DISTRIBUTION | F23: DATA SENSITIVITY
B24: Provider | C24: =COUNTIF(Inventory!H3:H52,"Provider") | F24: Processing Personal Data | G24: =COUNTIF(Inventory!L3:L52,"Yes")
B25: Deployer | C25: =COUNTIF(Inventory!H3:H52,"Deployer") | F25: No Personal Data | G25: =COUNTIF(Inventory!L3:L52,"No")
B26: Importer | C26: =COUNTIF(Inventory!H3:H52,"Importer") | F26: Data Status Unknown | G26: =COUNTIF(Inventory!L3:L52,"Unknown")
B27: Distributor | C27: =COUNTIF(Inventory!H3:H52,"Distributor")
B28: Authorised Representative | C28: =COUNTIF(Inventory!H3:H52,"Authorised Representative")
B31: COMPLIANCE ALERTS | F31: EU DATABASE REGISTRATION
B32: Systems in EU market but not yet classified | C32: =COUNTIFS(Inventory!J3:J52,"Yes",Inventory!K3:K52,"Not Yet Classified") | F32: High-risk systems (need registration) | G32: =COUNTIF(Inventory!K3:K52,"High")
B33: High-risk systems not in production yet | C33: =COUNTIFS(Inventory!K3:K52,"High",Inventory!I3:I52,"<>Production") | F33: GPAI systems (may need registration) | G33: =COUNTIF(Inventory!K3:K52,"GPAI")
B34: Systems with personal data but unknown classification | C34: =COUNTIFS(Inventory!L3:L52,"Yes",Inventory!K3:K52,"Not Yet Classified") | F34: Registered in EU Database | G34: =COUNTA('EU Database Registration'!N4:N23)
B38: hexis.center · AI System Inventory · Dashboard auto-updates when Inventory is modified

Sheet EU Database Registration
A1: EU AI DATABASE REGISTRATION — Fields based on Annex VIII of EU AI Act. Complete this sheet for each HIGH-RISK system requiring registration under Article 49. Link each row to the main Inventory sheet using the System ID.
A2: System ID | B2: Trade Name / Model | C2: Provider Name & Contact | D2: Authorised Representative | E2: Intended Purpose (Detail) | F2: System Status | G2: Risk Level | H2: CE Marking | I2: Conformity Assessment Body | J2: Conformity Assessment Procedure | K2: Member States of Use | L2: GPAI Model Used | M2: GPAI Sub-Type | N2: EU Database Registration # | O2: Registration Date | P2: Notes
A3: From Inventory | B3: Commercial product name | C3: Legal name, address, email | D3: If applicable (non-EU provider) | E3: More detailed than Inventory — describe specific use context | F3: Active / Suspended / Withdrawn | G3: From Inventory | H3: Affixed / Pending / N/A | I3: Name of notified body (if applicable) | J3: Self-assessment / Third-party / N/A | K3: e.g. All EU / DE, FR, NL | L3: Name and version of GPAI model | M3: Select type | N3: Registration ID from EU DB | O3: DD/MM/YYYY | P3: Additional context
A4: AI-001 | B4: TalentAI Screener Pro v3.1 | C4: TalentAI Solutions Ltd., 10 Tech Park, Dublin, Ireland — contact@talentai.example.com | D4: N/A (EU-based provider) | E4: Automated screening and ranking of job applicants by parsing CVs, extracting qualifications, and scoring candidates against role requirements. Used in recruitment for all EU-based open positions. | F4: Active | G4: High | H4: Affixed | I4: TÜV SÜD AI Assessment Centre | J4: Third-party (Annex VII) | K4: All EU | L4: N/A | M4: N/A | N4: EU-AI-DB-2026-00142 | O4: 20/01/2026 | P4: EXAMPLE — Delete before use. Annex III §4(a) high-risk. Third-party assessment required (biometric processing).
A5: AI-003 | B5: FinSecure FraudShield v2.0 | C5: FinSecure Ltd., Levent, Istanbul, Turkey — compliance@finsecure.example.com | D5: EURepp GmbH, Berlin, Germany (authorised representative for non-EU provider) | E5: Real-time evaluation of payment transactions for fraud indicators and creditworthiness scoring. Deployed across EU banking partners for PSD2-compliant transaction monitoring. | F5: Active | G5: High | H5: Pending | I5: N/A (self-assessment in progress) | J5: Self-assessment (Annex VI) | K5: DE, FR, NL, BE | L5: N/A | M5: N/A | P5: EXAMPLE — Delete before use. Annex III §5(b) high-risk (creditworthiness evaluation — fraud detection alone is exempt). Non-EU provider → authorised representative required (Art. 22). CE marking pending conformity assessment.
