Workbook

Sheet Instructions
B1: HEXIS — EU AI Act Compliance Roadmap
B2: EU AI Act Compliance Starter Kit · Template #4 of 4
B4: PURPOSE
B5: This template transforms your compliance gap analysis into an actionable roadmap with milestones, owners, and deadlines. It provides a structured path from current state to full compliance.
B7: PREREQUISITE TEMPLATES
B8: 1. AI System Inventory — identifies your AI systems (Template #1)
B9: 2. Risk Classification Worksheet — determines risk level per system (Template #2)
B10: 3. EU AI Act Compliance Assessment — identifies compliance gaps (Template #3)
B11: Use those results to populate this roadmap.
B13: HOW TO USE
B14: Step 1: Transfer Non-Compliant and Partially Compliant items from the Assessment (Template #3) into the Roadmap sheet.
B15: Step 2: Break each gap into specific actions with clear deliverables.
... B53: hexis.center · EU AI Act Compliance Starter Kit · v1.0

Sheet Roadmap
A1: Action ID | B1: System ID | C1: Obligation Area | D1: EU AI Act Article | E1: Compliance Phase | F1: Action Description | G1: Deliverable | H1: Owner | I1: Status | J1: Priority | K1: Start Date | L1: Target Date | M1: Completion Date | N1: Effort (Person-Days) | O1: Dependencies | P1: Notes / Evidence
A2: ACT-001 | B2: ALL | C2: AI Literacy & Training | D2: Art. 4 | E2: Phase 1 — Foundation | F2: Develop AI literacy training programme for all staff involved with AI systems. | G2: AI Literacy Training Programme + assessment criteria | H2: L&D Team | I2: In Progress | J2: Critical | K2: 46082 | L2: 46157 | N2: 15 | P2: Art. 4 already in force since 2 Feb 2025. Priority remediation.
A3: ACT-002 | B3: AI-001 | C3: Risk Management System | D3: Art. 9 | E3: Phase 1 — Foundation | F3: Complete lifecycle risk assessment and update risk register to cover all stages per Art. 9. | G3: Updated Risk Register v3.0 with lifecycle coverage | H3: DPO Team | I3: Not Started | J3: High | K3: 46113 | L3: 46203 | N3: 20 | P3: Current register v2.1 missing residual risk assessment and lifecycle stages
A4: ACT-003 | B4: AI-001 | C4: Data Governance | D4: Art. 10 | E4: Phase 1 — Foundation | F4: Establish data governance framework for training data. Implement bias testing protocol. | G4: Data Governance Policy + Bias Testing Report | H4: Data Team | I4: Not Started | J4: Critical | K4: 46096 | L4: 46172 | N4: 25 | P4: No existing data governance. Requires new framework from scratch.
A5: ACT-004 | B5: AI-001 | C5: Technical Documentation | D5: Art. 11 | E5: Phase 2 — Documentation | F5: Restructure system documentation to meet Art. 11 and Annex IV requirements. | G5: Technical Documentation Package (Annex IV compliant) | H5: Engineering | I5: Not Started | J5: High | K5: 46143 | L5: 46218 | N5: 30 | O5: ACT-002, ACT-003 | P5: Depends on risk register and data governance being in place.
A6: ACT-005 | B6: AI-001 | C6: Record-Keeping & Logging | D6: Art. 12 | E6: Phase 2 — Documentation | F6: Implement automatic logging system. Define log retention policy and audit trail. | G6: Logging System + Retention Policy Document | H6: Engineering | I6: Not Started | J6: Medium | K6: 46157 | L6: 46234 | N6: 15 | O6: ACT-004 | P6: Logging specs to be derived from technical documentation.
A7: ACT-006 | B7: AI-002 | C7: Transparency Disclosure | D7: Art. 50 | E7: Phase 3 — Implementation | F7: Enhance chatbot AI disclosure mechanism. Add content labelling for AI-generated responses. | G7: Enhanced disclosure UI + content labels | H7: Product Team | I7: Completed | J7: Low | K7: 46037 | L7: 46082 | M7: 46081 | N7: 5 | P7: Completed ahead of schedule. Disclosure visible at conversation start.
A8: ACT-007 | B8: AI-003 | C8: Conformity Assessment | D8: Art. 43 | E8: Phase 3 — Implementation | F8: Initiate internal conformity assessment procedure for credit scoring system. | G8: Conformity Assessment Report + CE Declaration | H8: Compliance | I8: Not Started | J8: Critical | K8: 46174 | L8: 46235 | N8: 40 | O8: ACT-002 | P8: Credit scoring = Annex III §5(b) high-risk. Internal assessment sufficient (not biometric).
A9: ACT-008 | B9: AI-001 | C9: EU Database Registration | D9: Art. 49 | E9: Phase 4 — Validation | F9: Register TalentAI HR Screening in EU database before deployment. | G9: EU Database Registration Confirmation | H9: Compliance | I9: Not Started | J9: High | K9: 46204 | L9: 46234 | N9: 3 | O9: ACT-004, ACT-007 | P9: Registration requires conformity assessment to be complete.
A10: ACT-009 | B10: ALL | C10: Post-Market Monitoring | D10: Art. 72 | E10: Phase 5 — Maintenance | F10: Establish post-market monitoring system for all high-risk AI systems. | G10: Post-Market Monitoring Plan + quarterly review schedule | H10: Risk Team | I10: Not Started | J10: Medium | K10: 46218 | L10: 46295 | N10: 10 | O10: ACT-002 | P10: Proportionate to risk. Include feedback loops and incident triggers.
A11: ACT-010 | B11: ALL | C11: Serious Incident Reporting | D11: Art. 73 | E11: Phase 5 — Maintenance | F11: Define incident reporting procedure and designate responsible contact for authority reporting. | G11: Incident Reporting SOP + authority contact details | H11: Compliance | I11: Not Started | J11: High | K11: 46174 | L11: 46234 | N11: 5 | P11: Tiered deadlines: 15 days (standard), 10 days (death), 2 days (critical infrastructure). Define thresholds and escalation path.

Sheet Timeline View
A1: Action ID | B1: Action Description | C1: Owner | D1: Status | E1: Mar 2026 | F1: Apr 2026 | G1: May 2026 | H1: Jun 2026 | I1: Jul 2026 | J1: Aug 2026 | K1: Sep 2026 | L1: Oct 2026 | M1: Nov 2026 | N1: Dec 2026 | O1: Jan 2027 | P1: Feb 2027
B2: EU AI Act Annex III deadline: 2 Aug 2026 | J2: ⚑ DEADLINE
A3: ACT-001 | B3: AI Literacy Training Programme | C3: L&D Team | D3: In Progress | E3: ▬ | F3: ▬ | G3: ▬
A4: ACT-002 | B4: Complete Risk Register v3.0 | C4: DPO Team | D4: Not Started | F4: ▬ | G4: ▬ | H4: ▬
A5: ACT-003 | B5: Data Governance Framework | C5: Data Team | D5: Not Started | E5: ▬ | F5: ▬ | G5: ▬
A6: ACT-004 | B6: Technical Documentation (Annex IV) | C6: Engineering | D6: Not Started | G6: ▬ | H6: ▬ | I6: ▬
A7: ACT-005 | B7: Logging System + Retention Policy | C7: Engineering | D7: Not Started | G7: ▬ | H7: ▬ | I7: ▬
A8: ACT-006 | B8: Chatbot Transparency Disclosure | C8: Product Team | D8: Completed | O8: ▬ | P8: ▬
A9: ACT-007 | B9: Conformity Assessment (Credit Scoring) | C9: Compliance | D9: Not Started | H9: ▬ | I9: ▬ | J9: ▬
A10: ACT-008 | B10: EU Database Registration | C10: Compliance | D10: Not Started | I10: ▬
A11: ACT-009 | B11: Post-Market Monitoring Plan | C11: Risk Team | D11: Not Started | I11: ▬ | J11: ▬ | K11: ▬
A12: ACT-010 | B12: Incident Reporting SOP | C12: Compliance | D12: Not Started | H12: ▬ | I12: ▬

Sheet Dashboard
B1: Compliance Roadmap — Dashboard
B3: OVERALL PROGRESS
B4: Total Actions | C4: =COUNTA(Roadmap!I2:I100)
B5: Completed | C5: =COUNTIF(Roadmap!I2:I100,"Completed")
B6: In Progress | C6: =COUNTIF(Roadmap!I2:I100,"In Progress")
B7: Not Started | C7: =COUNTIF(Roadmap!I2:I100,"Not Started")
B8: Blocked | C8: =COUNTIF(Roadmap!I2:I100,"Blocked")
B9: Deferred | C9: =COUNTIF(Roadmap!I2:I100,"Deferred")
B11: Completion Rate | C11: =IF(COUNTA(Roadmap!I2:I100)>0,COUNTIF(Roadmap!I2:I100,"Completed")/COUNTA(Roadmap!I2:I100),0)
B12: In Progress Rate | C12: =IF(COUNTA(Roadmap!I2:I100)>0,COUNTIF(Roadmap!I2:I100,"In Progress")/COUNTA(Roadmap!I2:I100),0)
B14: PRIORITY BREAKDOWN
B15: Critical Actions | C15: =COUNTIF(Roadmap!J2:J100,"Critical") | D15: =COUNTIFS(Roadmap!J2:J100,"Critical",Roadmap!I2:I100,"Completed")
B16: High Actions | C16: =COUNTIF(Roadmap!J2:J100,"High") | D16: =COUNTIFS(Roadmap!J2:J100,"High",Roadmap!I2:I100,"Completed")
B17: Medium Actions | C17: =COUNTIF(Roadmap!J2:J100,"Medium") | D17: =COUNTIFS(Roadmap!J2:J100,"Medium",Roadmap!I2:I100,"Completed")
B18: Low Actions | C18: =COUNTIF(Roadmap!J2:J100,"Low") | D18: =COUNTIFS(Roadmap!J2:J100,"Low",Roadmap!I2:I100,"Completed")
B20: PHASE PROGRESS
B21: Phase | C21: Total | D21: Completed | E21: In Progress | F21: Not Started | G21: % Complete
B22: Phase 1 — Foundation | C22: =COUNTIF(Roadmap!E2:E100,B22) | D22: =COUNTIFS(Roadmap!E2:E100,B22,Roadmap!I2:I100,"Completed") | E22: =COUNTIFS(Roadmap!E2:E100,B22,Roadmap!I2:I100,"In Progress") | F22: =COUNTIFS(Roadmap!E2:E100,B22,Roadmap!I2:I100,"Not Started") | G22: =IF(C22>0,D22/C22,0)
B23: Phase 2 — Documentation | C23: =COUNTIF(Roadmap!E2:E100,B23) | D23: =COUNTIFS(Roadmap!E2:E100,B23,Roadmap!I2:I100,"Completed") | E23: =COUNTIFS(Roadmap!E2:E100,B23,Roadmap!I2:I100,"In Progress") | F23: =COUNTIFS(Roadmap!E2:E100,B23,Roadmap!I2:I100,"Not Started") | G23: =IF(C23>0,D23/C23,0)
B24: Phase 3 — Implementation | C24: =COUNTIF(Roadmap!E2:E100,B24) | D24: =COUNTIFS(Roadmap!E2:E100,B24,Roadmap!I2:I100,"Completed") | E24: =COUNTIFS(Roadmap!E2:E100,B24,Roadmap!I2:I100,"In Progress") | F24: =COUNTIFS(Roadmap!E2:E100,B24,Roadmap!I2:I100,"Not Started") | G24: =IF(C24>0,D24/C24,0)
B25: Phase 4 — Validation | C25: =COUNTIF(Roadmap!E2:E100,B25) | D25: =COUNTIFS(Roadmap!E2:E100,B25,Roadmap!I2:I100,"Completed") | E25: =COUNTIFS(Roadmap!E2:E100,B25,Roadmap!I2:I100,"In Progress") | F25: =COUNTIFS(Roadmap!E2:E100,B25,Roadmap!I2:I100,"Not Started") | G25: =IF(C25>0,D25/C25,0)
B26: Phase 5 — Maintenance | C26: =COUNTIF(Roadmap!E2:E100,B26) | D26: =COUNTIFS(Roadmap!E2:E100,B26,Roadmap!I2:I100,"Completed") | E26: =COUNTIFS(Roadmap!E2:E100,B26,Roadmap!I2:I100,"In Progress") | F26: =COUNTIFS(Roadmap!E2:E100,B26,Roadmap!I2:I100,"Not Started") | G26: =IF(C26>0,D26/C26,0)
B28: EFFORT SUMMARY
B29: Total Estimated Effort (Person-Days) | C29: =SUM(Roadmap!N2:N100)
B30: Effort Completed | C30: =SUMPRODUCT((Roadmap!I2:I100="Completed")*(Roadmap!N2:N100))
B31: Effort Remaining | C31: =SUM(Roadmap!N2:N100)-SUMPRODUCT((Roadmap!I2:I100="Completed")*(Roadmap!N2:N100))
B32: Average Effort per Action | C32: =IF(COUNTA(Roadmap!N2:N100)>0,AVERAGE(Roadmap!N2:N100),0)
B34: DEADLINE RISK ASSESSMENT
B35: Actions due before 2 Aug 2026 (Annex III deadline) | C35: =COUNTIFS(Roadmap!L2:L100,"<="&DATE(2026,8,2),Roadmap!I2:I100,"<>Completed")
B36: Overdue actions (target date < today) | C36: =COUNTIFS(Roadmap!L2:L100,"<"&TODAY(),Roadmap!I2:I100,"<>Completed",Roadmap!L2:L100,">0")
B37: Blocked actions requiring attention | C37: =COUNTIF(Roadmap!I2:I100,"Blocked")
B40: hexis.center · EU AI Act Compliance Starter Kit · Regulation (EU) 2024/1689
