Workbook

Sheet Instructions
B1: HEXIS — EU AI Act Compliance Assessment
B2: EU AI Act Compliance Starter Kit · Template #3 of 4
B4: PURPOSE
B5: This template helps you assess your current compliance status against EU AI Act obligations. Complete one row per AI system per obligation area to identify gaps and prioritise remediation.
B7: PREREQUISITE TEMPLATES
B8: 1. AI System Inventory — identifies which AI systems you operate (Template #1)
B9: 2. Risk Classification Worksheet — determines risk level per system (Template #2)
B10: Use those results to populate this assessment.
B12: HOW TO USE
B13: Step 1: Review the Obligations Map sheet — understand which obligations apply to your risk level.
B14: Step 2: For each AI system in your inventory, create a row in the Gap Assessment sheet.
B15: Step 3: Rate your compliance status for each obligation area (Compliant / Partially Compliant / Non-Compliant / Not Applicable).
... B40: hexis.center · EU AI Act Compliance Starter Kit · v1.0

Sheet Obligations Map
A1: Obligation Area | B1: EU AI Act Article(s) | C1: Description | D1: Prohibited (Art. 5) | E1: High Risk (Art. 6) | F1: Limited Risk (Art. 50) | G1: GPAI (Art. 51-56) | H1: Minimal Risk (Art. 95) | I1: Compliance Deadline | J1: Key Evidence Required
A2: AI Literacy & Training | B2: Art. 4 | C2: Ensure staff dealing with AI have sufficient AI literacy appropriate to their role and context. | D2: N/A | E2: Required | F2: Required | G2: Required | H2: Recommended | I2: 2 Feb 2025 | J2: Training records, literacy assessment results, training materials
A3: Risk Management System | B3: Art. 9 | C3: Establish, implement, document and maintain a risk management system throughout the AI system lifecycle. | D3: N/A | E3: Required | F3: N/A | G3: N/A | H3: N/A | I3: 2 Aug 2026 | J3: Risk management policy, risk register, risk assessment reports
A4: Data Governance | B4: Art. 10 | C4: Ensure training, validation and testing data sets meet quality criteria and are relevant, representative and free of errors. | D4: N/A | E4: Required | F4: N/A | G4: N/A | H4: N/A | I4: 2 Aug 2026 | J4: Data governance policy, data quality reports, bias testing results
A5: Technical Documentation | B5: Art. 11, Art. 53 | C5: Maintain technical documentation demonstrating compliance before the system is placed on the market or put into service. | D5: N/A | E5: Required | F5: N/A | G5: Required | H5: N/A | I5: 2 Aug 2026 | J5: Technical documentation package, system architecture, design specifications
A6: Record-Keeping & Logging | B6: Art. 12 | C6: High-risk AI systems shall support automatic recording of events (logs) throughout the system lifecycle. | D6: N/A | E6: Required | F6: N/A | G6: N/A | H6: N/A | I6: 2 Aug 2026 | J6: Logging policy, log retention procedures, sample log outputs
A7: Transparency to Deployers | B7: Art. 13 | C7: High-risk AI systems shall be designed to ensure their operation is sufficiently transparent to deployers. | D7: N/A | E7: Required | F7: N/A | G7: N/A | H7: N/A | I7: 2 Aug 2026 | J7: Instructions for use, transparency documentation, deployer communication records
A8: Human Oversight | B8: Art. 14 | C8: High-risk AI systems shall be designed to allow effective oversight by natural persons during use. | D8: N/A | E8: Required | F8: N/A | G8: N/A | H8: N/A | I8: 2 Aug 2026 | J8: Human oversight procedures, override mechanisms, operator training records
A9: Accuracy, Robustness & Cybersecurity | B9: Art. 15 | C9: High-risk AI systems shall achieve appropriate levels of accuracy, robustness and cybersecurity. | D9: N/A | E9: Required | F9: N/A | G9: N/A | H9: N/A | I9: 2 Aug 2026 | J9: Performance metrics, robustness testing results, cybersecurity assessment
A10: Transparency: User Interaction | B10: Art. 50(1) | C10: Providers shall inform users that they are interacting with an AI system, unless obvious from the circumstances. | D10: N/A | E10: N/A | F10: Required | G10: N/A | H10: N/A | I10: 2 Aug 2026 | J10: User notification mechanisms, AI interaction disclosure design
A11: Transparency: Synthetic Content Marking | B11: Art. 50(2) | C11: Providers of AI systems generating synthetic audio, image, video or text shall mark outputs in machine-readable format as AI-generated. | D11: N/A | E11: N/A | F11: Required | G11: Required | H11: N/A | I11: 2 Aug 2026 | J11: Machine-readable content marking system, metadata tagging implementation
A12: Transparency: Emotion/Biometric Disclosure | B12: Art. 50(3) | C12: Deployers of emotion recognition or biometric categorisation systems shall inform exposed natural persons of the operation of the system. | D12: N/A | E12: N/A | F12: Required | G12: N/A | H12: N/A | I12: 2 Aug 2026 | J12: Notification mechanism for exposed persons, signage/disclosure records
... A26: Voluntary Codes of Conduct | B26: Art. 95 | C26: Providers and deployers of non-high-risk AI systems are encouraged to voluntarily apply high-risk requirements. | D26: N/A | E26: N/A | F26: N/A | G26: N/A | H26: Encouraged | I26: N/A | J26: Voluntary compliance documentation, code of conduct adoption records

Sheet Gap Assessment
A1: System ID | B1: System Name | C1: Risk Level | D1: Obligation Area | E1: EU AI Act Article | F1: Compliance Status | G1: Current Maturity (1-5) | H1: Evidence / Reference | I1: Gap Description | J1: Priority (Critical/High/Medium/Low) | K1: Remediation Owner | L1: Target Date | M1: Notes
A2: AI-001 | B2: TalentAI HR Screening | C2: High | D2: Risk Management System | E2: Art. 9 | F2: Partially Compliant | G2: 3 | H2: Risk register v2.1, dated Jan 2026 | I2: Risk register exists but does not cover all lifecycle stages. Missing residual risk assessment. | J2: High | K2: DPO Team | L2: 2026-06-30 | M2: Priority: complete lifecycle risk assessment before Aug 2026 deadline
A3: AI-001 | B3: TalentAI HR Screening | C3: High | D3: Data Governance | E3: Art. 10 | F3: Non-Compliant | G3: 1 | I3: No formal data governance policy for training data. Bias testing not performed. | J3: Critical | K3: Data Team | L3: 2026-05-15 | M3: Requires new data quality framework and bias testing protocol
A4: AI-001 | B4: TalentAI HR Screening | C4: High | D4: Human Oversight | E4: Art. 14 | F4: Compliant | G4: 4 | H4: SOP-AI-014 HR Override Protocol | J4: Low | K4: HR Manager | M4: Override mechanism documented and tested quarterly
A5: AI-001 | B5: TalentAI HR Screening | C5: High | D5: Technical Documentation | E5: Art. 11, Art. 53 | F5: Partially Compliant | G5: 2 | H5: System spec v1.0 | I5: Basic system spec exists but does not meet Art. 11 / Annex IV requirements. Missing: training methodology, data sets description, validation results. | J5: High | K5: Engineering | L5: 2026-07-01 | M5: Use Annex IV template to restructure documentation
A6: AI-002 | B6: Support Chatbot | C6: Limited | D6: Transparency Disclosure | E6: Art. 50 | F6: Compliant | G6: 4 | H6: Chatbot greeting includes AI disclosure | J6: Low | K6: Product Team | M6: Disclosure visible at start of every conversation
A7: AI-002 | B7: Support Chatbot | C7: Limited | D7: AI Literacy & Training | E7: Art. 4 | F7: Partially Compliant | G7: 2 | H7: Basic onboarding slide | I7: Only basic awareness. No role-specific literacy assessment for support staff managing the chatbot. | J7: Medium | K7: L&D Team | L7: 2026-04-30 | M7: Develop AI literacy module for support team
A8: AI-003 | B8: FinSecure Credit Scoring | C8: High | D8: Risk Management System | E8: Art. 9 | F8: Compliant | G8: 5 | H8: RM-FIN-001, annual review Dec 2025 | J8: Low | K8: Risk Team | M8: Comprehensive risk management with quarterly reviews
A9: AI-003 | B9: FinSecure Credit Scoring | C9: High | D9: Conformity Assessment | E9: Art. 43 | F9: Non-Compliant | G9: 1 | I9: Conformity assessment not yet initiated. Internal control procedure not documented. | J9: Critical | K9: Compliance | L9: 2026-06-01 | M9: Credit scoring under Annex III §5(b) — high-risk. Initiate conformity assessment.

Sheet Dashboard
B1: EU AI Act Compliance Assessment — Dashboard
B3: OVERALL COMPLIANCE SUMMARY
B4: Total Assessment Items | C4: =COUNTA('Gap Assessment'!F2:F100)
B5: Compliant | C5: =COUNTIF('Gap Assessment'!F2:F100,"Compliant")
B6: Partially Compliant | C6: =COUNTIF('Gap Assessment'!F2:F100,"Partially Compliant")
B7: Non-Compliant | C7: =COUNTIF('Gap Assessment'!F2:F100,"Non-Compliant")
B8: Not Applicable | C8: =COUNTIF('Gap Assessment'!F2:F100,"Not Applicable")
B10: Compliance Rate (excl. N/A) | C10: =IF((COUNTA('Gap Assessment'!F2:F100)-COUNTIF('Gap Assessment'!F2:F100,"Not Applicable"))>0,COUNTIF('Gap Assessment'!F2:F100,"Compliant")/(COUNTA('Gap Assessment'!F2:F100)-COUNTIF('Gap Assessment'!F2:F100,"Not Applicable")),0)
B11: Partial Compliance Rate | C11: =IF((COUNTA('Gap Assessment'!F2:F100)-COUNTIF('Gap Assessment'!F2:F100,"Not Applicable"))>0,COUNTIF('Gap Assessment'!F2:F100,"Partially Compliant")/(COUNTA('Gap Assessment'!F2:F100)-COUNTIF('Gap Assessment'!F2:F100,"Not Applicable")),0)
B12: Non-Compliance Rate | C12: =IF((COUNTA('Gap Assessment'!F2:F100)-COUNTIF('Gap Assessment'!F2:F100,"Not Applicable"))>0,COUNTIF('Gap Assessment'!F2:F100,"Non-Compliant")/(COUNTA('Gap Assessment'!F2:F100)-COUNTIF('Gap Assessment'!F2:F100,"Not Applicable")),0)
B14: PRIORITY BREAKDOWN
B15: Critical Items | C15: =COUNTIF('Gap Assessment'!J2:J100,"Critical")
B16: High Priority Items | C16: =COUNTIF('Gap Assessment'!J2:J100,"High")
B17: Medium Priority Items | C17: =COUNTIF('Gap Assessment'!J2:J100,"Medium")
B18: Low Priority Items | C18: =COUNTIF('Gap Assessment'!J2:J100,"Low")
B20: PER-SYSTEM COMPLIANCE SUMMARY
B21: System ID | C21: Compliant | D21: Partial | E21: Non-Compliant | F21: N/A | G21: Compliance %
B22: AI-001 | C22: =COUNTIFS('Gap Assessment'!A2:A100,B22,'Gap Assessment'!F2:F100,"Compliant") | D22: =COUNTIFS('Gap Assessment'!A2:A100,B22,'Gap Assessment'!F2:F100,"Partially Compliant") | E22: =COUNTIFS('Gap Assessment'!A2:A100,B22,'Gap Assessment'!F2:F100,"Non-Compliant") | F22: =COUNTIFS('Gap Assessment'!A2:A100,B22,'Gap Assessment'!F2:F100,"Not Applicable") | G22: =IF((C22+D22+E22)>0,C22/(C22+D22+E22),0)
B23: AI-002 | C23: =COUNTIFS('Gap Assessment'!A2:A100,B23,'Gap Assessment'!F2:F100,"Compliant") | D23: =COUNTIFS('Gap Assessment'!A2:A100,B23,'Gap Assessment'!F2:F100,"Partially Compliant") | E23: =COUNTIFS('Gap Assessment'!A2:A100,B23,'Gap Assessment'!F2:F100,"Non-Compliant") | F23: =COUNTIFS('Gap Assessment'!A2:A100,B23,'Gap Assessment'!F2:F100,"Not Applicable") | G23: =IF((C23+D23+E23)>0,C23/(C23+D23+E23),0)
B24: AI-003 | C24: =COUNTIFS('Gap Assessment'!A2:A100,B24,'Gap Assessment'!F2:F100,"Compliant") | D24: =COUNTIFS('Gap Assessment'!A2:A100,B24,'Gap Assessment'!F2:F100,"Partially Compliant") | E24: =COUNTIFS('Gap Assessment'!A2:A100,B24,'Gap Assessment'!F2:F100,"Non-Compliant") | F24: =COUNTIFS('Gap Assessment'!A2:A100,B24,'Gap Assessment'!F2:F100,"Not Applicable") | G24: =IF((C24+D24+E24)>0,C24/(C24+D24+E24),0)
B26: MATURITY METRICS
B27: Average Maturity Score (1-5) | C27: =IF(COUNT('Gap Assessment'!G2:G100)>0,AVERAGE('Gap Assessment'!G2:G100),0)
B28: Lowest Maturity Score | C28: =IF(COUNT('Gap Assessment'!G2:G100)>0,MIN('Gap Assessment'!G2:G100),0)
B29: Items at Maturity 1 (Absent) | C29: =COUNTIF('Gap Assessment'!G2:G100,1)
B30: Items at Maturity 2 (Ad Hoc) | C30: =COUNTIF('Gap Assessment'!G2:G100,2)
B31: Items at Maturity 3 (Structured) | C31: =COUNTIF('Gap Assessment'!G2:G100,3)
B32: Items at Maturity 4 (Continuous) | C32: =COUNTIF('Gap Assessment'!G2:G100,4)
B33: Items at Maturity 5 (Embedded) | C33: =COUNTIF('Gap Assessment'!G2:G100,5)
B36: hexis.center · EU AI Act Compliance Starter Kit · Regulation (EU) 2024/1689
